Product Name,Price,Rating,Reviews
"Lenovo IdeaPad Slim 3 12th Gen Intel® Core™ i5-12450H 15.6 inch (39.6cm) FHD Laptop (16GB/512GB SSD/Windows 11/Office 2024/Alexa Built-in/1Yr ADP Free/3 Month Game Pass/Arctic Grey/1.62Kg), 83ER00KPIN","₹50,700",4.0,241
"Lenovo IdeaPad Slim 5 12th Gen Intel Core i5 12450H 14"" (35.5cm) WUXGA+ IPS Laptop (16GB/512GB SSD/Win 11/Office 2021/Backlit KB/FHD Camera/Alexa/3 Month Game Pass/Cloud Grey/1.46Kg), 83BF000UIN","₹60,190",3.9,771
"Acer Aspire Lite AMD Ryzen 5-5625U Premium Thin and Light Laptop (16 GB RAM/512 GB SSD/Windows 11 Home) AL15-41, 39.62 cm (15.6"") Full HD Display, Metal Body, Steel Gray, 1.59 KG","₹34,490",3.9,"1,052"
(Refurbished) Lenovo ThinkPad 8th Gen Intel Core i5 Thin & Light HD Laptop (16 GB DDR4 RAM/512 GB SSD/14 (35.6 cm) HD/Windows 11/MS Office/WiFi/Bluetooth 4.1/Webcam/Intel Graphics),"₹17,498",3.3,236
"Lenovo V14 G3 Intel Core i5 12th Gen 1235U /16GB/512GB SSD/Intel UHD Graphics/Windows 11/ Thin and Light Business Laptop/14.0"" FHD Display/Iron Grey/1.57 kg","₹35,490",3.8,32
"HP 15, 12th Gen Intel Core i5-1235U, 16GB DDR4, 512GB SSD, (Win 11, Office 21, Silver, 1.69kg), Anti-Glare, 15.6-inch(39.6cm) FHD Laptop, Intel Iris Xe Graphics, HD Camera, Backlit Keyboard, fy5009tu","₹49,990",3.9,327
"HP 15s,12th Gen Intel Core i3-1215U, 8GB DDR4, 256GB SSD, Anti-Glare, Micro-Edge, 15.6-inch(39.6cm) FHD Laptop, Intel UHD Graphics, Full-Size KB (Win 11, Office 21, Silver, 1.69kg) fy5010tu","₹31,490",4.0,104
"HP 255 G10 AMD Ryzen 5 Quad Core 7520U 2.8Ghz Upto 4.3Ghz - (8 GB/512 GB SSD) 255 G10 Thin and Light Laptop (15.6 inch, Matt Silver, 1.45 kg)","₹30,850",4.0,9
"Apple MacBook Air Laptop: Apple M1 chip, 13.3-inch/33.74 cm Retina Display, 8GB RAM, 256GB SSD Storage, Backlit Keyboard, FaceTime HD Camera, Touch ID. Works with iPhone/iPad; Space Grey","₹64,990",4.6,"6,409"
"Lenovo V15 AMD Ryzen 7 7730U 15.6"" (39.62cm) FHD 250 Nits Antiglare Thin and Light Laptop (16GB/512GB SSD/Windows 11/Iron Grey/1.65 Kg) Grey","₹39,990",4.1,63
"HP 15, 13th Gen Intel Core i5-1334U, 16GB DDR4, 512GB SSD, (Win 11, Office 21, Silver, 1.59kg), Anti-Glare, 15.6-inch(39.6cm) FHD Laptop, Iris Xe Graphics, FHD Camera, Backlit KB, fd0316TU/fd0315TU","₹54,990",3.6,138
"HP 15, AMD Ryzen 5 7520U, 16GB DDR5, 512GB SSD, (Win 11, Office 21, Silver, 1.59kg), Anti-Glare, Micro-Edge, 15.6-inch(39.6cm), FHD Laptop, AMD Radeon Graphics, 1080p FHD Camera, Backlit KB, fc0156AU","₹41,990",3.1,14
"(Refurbished) Dell 5400, 8th Gen, Intel Core i7-8650U, 16GB DDR4 RAM, 256GB SSD, (Win 11, MS Office, Black, 1.48kg) 14"" (35.6cm) Touchscreen FHD, Intel UHD Graphics, HD Camera, Thin & Light Laptop","₹24,999",N/A,N/A
"HP Victus, AMD Ryzen 5 5600H, NVIDIA RTX 3050, 16GB DDR4, 512GB SSD (Win11, Office21, Blue, 2.37kg) 144Hz, 9MS, IPS, 15.6-inch(39.6cm) Gaming Laptop, Backlit kb, Enhanced Cooling, fb0106AX/Fb0112AX","₹58,900",4.1,210
"ASUS TUF Gaming A15, AMD Ryzen 7 7435Hs, 15.6-Inch, FHD 144Hz, Gaming Laptop (16GB RAM/512GB SSD/NVIDIA Geforce RTX 3050/Windows 11/48WHR/Graphite Black/2.3 Kg), FA506NCR-HN054W","₹63,990",4.0,432
"(Refurbished) Lenovo Thinkpad X13 Intel Core i5 10th Gen 13.3"" (33.8 cm) HD Laptop (16 GB RAM|256 GB SSD|Intel UHD Graphics)|Wi-Fi|Windows 11|Thin & Light Laptop|MS Office,Black","₹19,999",4.4,3
"HP 15, 13th Gen Intel Core i5-1334U, 16GB DDR4, 512GB SSD, (Win 11, Office 21, Silver, 1.59kg), Anti-Glare, 15.6-inch(39.6cm) FHD Laptop, Iris Xe Graphics, FHD Camera, Backlit KB, fd0316TU/fd0315TU","₹54,990",3.6,138
"HP 15, AMD Ryzen 3 7320U, 8GB LPDDR5, 512GB SSD, Anti-Glare, Micro-Edge, 15.6-inch (39.6 cm), FHD, AMD Radeon Graphics, 1080p HD Camera, (Win 11, Silver, 1.59 kg), fc0154AU","₹30,039",4.1,"1,489"
"Chuwi HeroBook Pro 14.1'' Intel Celeron N4020 Laptop with 8GB RAM, 256GB SSD, Windows 11, 1TB Expand, FHD IPS, Ultra Slim, USB3.0, Mini-HDMI, Webcam","₹15,990",3.6,"3,183"
"HP 15s, 12th Gen Intel Core i3-1215U, 8GB DDR4, 512GB SSD, (Win 11, Office 21, Silver, 1.69kg) Anti-glare, Micro-edge, 15.6-inch(39.6cm) FHD laptop, Intel UHD Graphics, HD camera, Backlit KB, fq5327tu","₹36,490",4.1,"1,166"
"Lenovo LOQ Intel Core i5-13450HX 15.6"" (39.6cm) 144Hz 300Nits FHD Gaming Laptop (16GB/512GB SSD/Win 11/NVIDIA RTX 3050 6GB Graphics/100% sRGB/Office 21/3 Month Game Pass/Grey/2.4Kg), 83DV00BHIN","₹72,990",4.2,237
"HP 15, 12th Gen Intel Core i5-1235U, 16GB DDR4, 512GB SSD, (Win 11, Office 21, Silver, 1.69kg), Anti-Glare, 15.6-inch(39.6cm) FHD Laptop, Intel Iris Xe Graphics, HD Camera, Backlit Keyboard, fy5009tu","₹49,990",3.9,327
"Lenovo IdeaPad Slim 3 12th Gen Intel Core i5-12450H 14"" (35.5cm) FHD 250 Nits Thin & Light Laptop (16GB/512GB SSD/Win 11/Office 21/1Yr Warranty/Alexa built-in/3 mon. Game Pass/Grey/1.37Kg), 83EQ005VIN","₹54,090",3.9,462
"HP 15s, AMD Ryzen 5 5500U, 8GB DDR4, 512GB SSD, (Win 11, Office 21, Silver, 1.69kg), Anti-Glare, 15.6-inch(39.6cm), FHD Laptop, AMD Radeon Graphics, HD Camera, Dual Speakers, eq2144AU","₹37,732",4.1,"1,065"
"Acer Aspire 3 Laptop Intel Core Celeron N4500 Processor Laptop (8 GB LPDDR4X SDRAM/512 GB SSD/Win11 Home/38 WHR/HD Webcam) A325-45 with 39.63 cm (15.6"") HD Display, Pure Silver, 1.5 KG","₹23,990",3.3,240
"(Refurbished) Dell Latitude Laptop 5400 Intel Core i5 Mobile-8th Gen -Processor , 16 GB Ram & 512 GB SSD, 14 Inches FHD 1080p Screen Notebook Computer","₹17,875",3.3,165
"HP 15, 13th Gen Intel Core i3-1315U, 8GB DDR4, 512GB SSD, (Win 11, Office 21, Grey, 1.59kg), Anti-Glare, Micro-Edge,15.6-inch(39.6cm), FHD Laptop, Intel UHD Graphics, 1080p FHD Camera, fd0006TU","₹39,590",4.1,"1,923"
"Lenovo IdeaPad Slim 3 13th Gen Intel Core i7-13620H 15.6"" (39.62cm) FHDIPS300 Nits Thin&Light Laptop (16GB/512GB SSD/Intel UHDGraphics/Win11/Office Home 2024/1YrADP Free/ARCTIC-Grey/1.6Kg), 83EM00GTIN",₹N/A,3.9,771
"HP 15 AMD Ryzen 3 7320U (8GB Ram/512GB SSD/Fhd/15.6"" (39.6 Cm)/Backlit Keyboard/Windows 11/Ms Office 21/1.59Kg/Silver) Fc0026Au Laptop","₹31,281",4.0,67
"HP 15, AMD Ryzen 5 7520U, 16GB DDR5, 512GB SSD, (Win 11, Office 21, Silver, 1.59kg), Anti-Glare, Micro-Edge, 15.6-inch(39.6cm), FHD Laptop, AMD Radeon Graphics, 1080p FHD Camera, Backlit KB, fc0156AU","₹41,990",3.1,14
"Dell Inspiron 3535, Windows 11 Home, AMD Ryzen 3 7320U Processor, (8GB RAM/512GB SSD/Window 11/Ms Office' 21/15.6""(39.62 Cm) FHD Display/15 Month Mcafee/Carbon Black/1.67Kg Thin & Light Laptop","₹29,490",3.9,74
"(Refurbished) Lenovo ThinkPad T490 8th Gen Intel Core i7 Thin & Light FHD Touchscreen Laptop (16 GB DDR4 RAM/512 GB SSD/14"" (35.6 cm) HD/Windows 11 Pro/MS Office/WiFi/Webcam/2 GB Nvidia Graphics)","₹26,999",3.5,2
"Lenovo IdeaPad Slim 3 Core i5 13420H (16GB RAM/512GB SSD/15.6"" (39.6cm)/Integrated Intel UHD Graphics/Windows 11/Office Home 2024/1 Year ADP Free/Grey/1.6Kg), 83EM00H0IN Laptop","₹59,049",5.0,1
"HP 15, 13th Gen Intel Core i5-1334U, 16GB DDR4, 512GB SSD, (Win 11, Office 21, Silver, 1.59kg), Anti-Glare, 15.6-inch(39.6cm) FHD Laptop, Iris Xe Graphics, FHD Camera, Backlit KB, fd0316TU/fd0315TU","₹54,990",3.6,138
"Acer [Smartchoice Aspire Lite AMD Ryzen 3 5300U Premium Thin and Light Laptop (Windows 11 Home/8 GB RAM/512 GB SSD) AL15-41 with 39.62 cm (15.6"") Full HD Display, Metal Body, Steel Gray, 1.6 KG","₹28,030",3.9,"1,052"
"HP 15s, 12th Gen Intel Core i3-1215U, 8GB DDR4, 512GB SSD, (Win 11, Office 21, Silver, 1.69kg), Anti-Glare, 15.6-inch (39.6cm) FHD Laptop, Intel UHD Graphics, HD Camera, Dual Speakers, fy5011TU","₹34,990",3.8,90
"Lenovo IdeaPad Slim 1 Intel Core Celeron N4020 14"" HD Thin and Light Laptop (8GB/512GB SSD/Windows 11 Home/Office 21/1Yr Warranty/Cloud Grey/1.3Kg), 82V6009LIN","₹24,490",3.7,272
"HP 15S AMD Ryzen 5000 (16GB Ram/512GB SSD/Fhd/Windows 11/Ms Office 21/Backlit Keyboard/ 15.6"" (39.6 Cm)/Silver/2.21 Kg) Eq2305Au/Eq2182Au Laptop","₹40,990",4.0,862
"Samsung Galaxy Book4 (Gray, 16GB RAM, 512GB SSD) | 15.6"" Full HD Screen | Intel Core i5 1335U Processor | Windows 11 Home | MS Office 2021 | Fingerprint Reader | Intel Iris XE Graphics | RJ45 LAN Port","₹54,100",3.8,24
"ASUS Vivobook Go 15 (2023), AMD Ryzen 5 7520U, 15.6"" (39.62 cm) FHD, Thin & Light Laptop (16GB/512GB SSD/Windows 11/Office 2021/Alexa Built-in/Mixed Black/1.63 kg), E1504FA-NJ542WS","₹40,990",4.0,127
"ASUS Vivobook Go 14, Thin and Light Laptop, AMD Ryzen 3 7320U, 14"" (35.56 cm) FHD, (8 GB RAM/512GB SSD/Windows 11/Office 2021/42WHr /Black/1.38 kg), E1404FA-NK325WS","₹31,990",4.0,85
"(Refurbished) Lenovo Thinkpad Laptop T480 Intel Core i7 8th Generation - 8550u Processor 16 GB Ram & 512 GB SSD, 14 Inches Notebook Computer","₹17,299",2.8,73
"Lenovo IdeaPad Slim 3 13th Gen Core i5-13420H (16GB RAM/512GB SSD/FHD IPS/Windows 11/MS Office'21/14"" (35.56cm)/Alexa Built-in/Grey/1.3Kg, 83EL003PIN Laptop","₹58,990",5.0,2
"HP 15s, 12th Gen Intel Core i3-1215U, 8GB DDR4, 512GB SSD, (Win 11, Office 21, Silver, 1.69kg), Anti-Glare, 15.6-inch (39.6cm) FHD Laptop, Intel UHD Graphics, HD Camera, Dual Speakers, fy5011TU","₹34,990",3.8,90
"Dell Inspiron 3530 13th Gen Laptop, Intel Core i3-1305U/8GB/512GB SSD/15.6"" (39.62cm) FHD WVA AG 120Hz 250 nits Narrow Border/Windows 11+MSO'21/McAfee 15 Month/Platinum Silver/1.62kg","₹37,390",4.0,213
"Lenovo IdeaPad Slim 3 12th Gen Intel® Core™ i5-12450H 15.6 inch (39.6cm) FHD Laptop (16GB/512GB SSD/Windows 11/Office 2024/Alexa Built-in/1Yr ADP Free/3 Month Game Pass/Arctic Grey/1.62Kg), 83ER00KPIN","₹50,700",4.0,241
"Lenovo V15 Intel Celeron N4500 15.6"" (39.62 cm) FHD (1920x1080) Antiglare 250 Nits Thin and Light Laptop (8GB RAM/256GB SSD/Windows 11 Home/Black/1Y Onsite/1.7 kg), 82QYA00MIN","₹21,226",3.9,445
"HP 15s, AMD Ryzen 5 5500U, 8GB DDR4, 512GB SSD, (Win 11, Office 21, Silver, 1.69kg), Anti-Glare, 15.6-inch(39.6cm), FHD Laptop, AMD Radeon Graphics, HD Camera, Dual Speakers, eq2144AU","₹37,732",4.1,"1,065"
"Lenovo V15 G3 (2024), Intel Core i3 12th Gen 1215U - (8GB/512GB SSD/Intel UHD Graphics/Windows 11 Home) Thin and Light Business Laptop/15.6"" FHD Display/Iron Grey/1.7 kg/MS Office 2021","₹31,990",5.0,1
"ASUS Vivobook 15, Intel Core i5-12500H 12th Gen,Thin and Light Laptop,15.6"" (39.62 cm) FHD, (8GB RAM/512GB/Windows11/Office 2021/Blue/1.7 kg), X1502ZA-EJ523WS","₹46,990",4.1,161
"Lenovo V15 G4, AMD Ryzen 5 7520U Quad Core - (8GB/512GB SSD/AMD Radeon Graphics/Windows 11 Home) Business Laptop/15.6"" FHD Display/Arctic Grey/1.57 kg","₹31,928",4.6,5
"Lenovo ThinkBook 16 Intel 13th Gen Core i5 16"" (40.64cm) WUXGA IPS 300 Nits Antiglare Thin and Light Laptop (16GB/512GB SSD/Win 11 Home/Backlit Keyboard/Arctic Grey/1.7 Kg), 21KHA081IN","₹57,990",5.0,3
"HP Victus Windows 11 Home Gaming Laptop,AMD Ryzen 7 7840Hs Ai Powered,6Gb RTX 3050 Gpu,16.1-Inch (40.9 Cm),95W Tgp,Fhd,IPS,144Hz,16Gb Ddr5,1Tb Ssd,RGB Backlit Kb,B&O (Mso,Blue,2.29 Kg),S0089Ax","₹78,490",3.8,99
"Lenovo IdeaPad Slim 1 Intel® Celeron® N4020 15.6 inch (39.6cm) Thin & Light Laptop (8GB RAM/512GB SSD/Windows 11 Home/Office Home & Student 2021/1Yr ADP Free/Grey/1.3Kg), 82V700KHIN","₹23,450",3.7,272
"Lenovo IdeaPad Pro 5 Intel Evo Core Ultra 9 185H Built-in AI 14"" (35.5cm) 2.8K-OLED 400Nits 120Hz Laptop (32GB/1TB SSD/Intel Arc GPU/Win11/MSO 21/FHD+IR Cam/1Yr ADP Free/Grey/1.4Kg), 83D2001GIN","₹1,10,990",4.2,92
"HP 15, 13th Gen Intel Core i5-1334U, 16GB DDR4, 512GB SSD, (Win 11, Office 21, Silver, 1.59kg), Anti-Glare, 15.6-inch(39.6cm) FHD Laptop, Iris Xe Graphics, FHD Camera, Backlit KB, fd0316TU/fd0315TU","₹54,990",3.6,138
"ASUS Vivobook 16"" FHD+ (1920 X 1200), 60Hz 300Nits, Core i5-12500H, (16GB RAM/512GB SSD/Intel Iris X? Graphics/Win 11/Office Home/Fingerprint/42Whr Battery/Transparent Silver/1.88Kg), X1605ZAC-MB541WS","₹53,990",3.8,68
"Acer Chromebook CB315-4H Intel Celeron N4500 (Chrome OS/8 GB RAM/128 GB/WiFi 6) 39.6 cm (15.6"") Full HD, Silver, 1.6 KG, 3 Months Google One AI Premium Plan with Gemini Advanced & 2TB Cloud Storage","₹18,990",3.7,82
"Walker Thin & Light Laptop,14.1""(4GB RAM,128GB SSD)| FHD IPS Display 1920 * 1080 Resolution | Celeron Processor N4020 (Gemini Lake)| UHD Graphics 600|Webcam | Windows 11 Home | Champagne Gold","₹12,990",3.6,94
DELL Latitude 3440 (2024) Intel Core i3 12th Gen 1215U - (16 GB/512 GB SSD/Intel UHD Graphics/Windows 11 Pro) Thin and Light Business Laptop/14 HD Display/Grey/1.5 kg/MS Office 2021,"₹31,160",3.1,7
"ASUS VivoBook 15 (2022), Intel®Core™ i3-1215U 12th Gen, 15.6"" (39.62 cm) FHD, Thin and Light Laptop (8GB/512 SSD//Windows 11/Office 2021/Backlit KB/Cool Silver/1.7 kg), X1504ZA-NJ322WS","₹31,950",4.4,71
"(Refurbished) HP EliteBook 820 G4 7th Gen Intel Core i5 Thin & Light HD Laptop (8 GB DDR4 RAM|256 GB SSD|12.5"" (31.8 cm) HD|Windows 11|MS Office|WiFi|Webcam|Intel HD Graphics)","₹16,400",3.8,391
"ASUS ROG Strix G16 (2023) Gaming Laptop, 90WHr Battery, Intel Core i9-13980HX 13th Gen, 16"" QHD+ 240Hz, 8GB RTX 4060 (16GB/1TB SSD/Windows 11/Office 2021/4-Zone RGB/Grey/2.50 kg), G614JV-N414 (14 kg),","₹1,59,990",4.0,22
"Dell [Smartchoice] Windows 11 Home 3520 Laptop, Intel Core i3-1215U, 12Th Gen (8GB RAM /512GB SSD /Window 11 /MS Office' 21 /15.6""(39.62 Cm) FHD Display /15 Month Mcafee /Black /1.69Kg Thin & Light","₹34,990",3.7,878
"Lenovo IdeaPad 3 12th Gen Intel Core i3-1215U 14 Inch (35.5cm) FHD Thin & Light Laptop (8GB/512GB SSD/Win 11/Office 2021/Backlit KB/3months Game Pass/Arctic Grey/1.43Kg), 82RJ00FKIN","₹35,990",4.0,468
"ASUS Vivobook 16 (2023)Thin & Light Laptop,Intel Core i9-13900H 13th Gen, 16"" (40.64 cm) FHD+(16GB RAM/512GB SSD/Intel Iris Xe/Win 11/Office 2021/Backlit KB/Fingerprint/Black/1.88 kg) X1605VA-MB947WS","₹84,990",4.0,194
"Lenovo LOQ Intel Core i5-13450HX 15.6"" (39.6cm) 144Hz 300Nits FHD Gaming Laptop (16GB/512GB SSD/Win 11/NVIDIA RTX 3050 6GB Graphics/100% sRGB/Office 21/3 Month Game Pass/Grey/2.4Kg), 83DV00BHIN","₹72,990",4.2,237
"HP 15, AMD Ryzen 5 7520U, 16GB DDR5, 512GB SSD, (Win 11, Office 21, Silver, 1.59kg), Anti-Glare, Micro-Edge, 15.6-inch(39.6cm), FHD Laptop, AMD Radeon Graphics, 1080p FHD Camera, Backlit KB, fc0156AU","₹41,990",3.1,14
"Lenovo IdeaPad Slim 3 12th Gen Intel® Core™ i5-12450H 15.6 inch (39.6cm) FHD Laptop (16GB/512GB SSD/Windows 11/Office 2024/Alexa Built-in/1Yr ADP Free/3 Month Game Pass/Arctic Grey/1.62Kg), 83ER00KPIN","₹50,700",4.0,241
"HONOR MagicBook X16 (2024), 12th Gen Intel Core i5-12450H, 16-inch (40.64 cm) FHD IPS Anti-Glare Thin and Light Laptop (16GB/512GB PCIe SSD/Windows 11/ Full-Size Numeric Keyboard /1.68Kg), Gray","₹39,990",3.9,232
"HP Pavilion 14, 12th Gen Intel Core i7-1255U, 16GB DDR4, 1TB SSD, (Win11, Office21, Silver,1.41 kg), IPS, Micro-edge, BrightView,14-inch (35.6cm) FHD Laptop, Intel Iris Xe graphics, HD camera,dv2015TU","₹75,990",4.0,683
"HP EliteBook 840 G10 Notebook, 14"" WUXGA Business Laptop, Intel i5-1335U, 32GB DDR5 RAM, 1TB SSD, Iris Xe Graphics, Backlit, Fingerprint, Wi-Fi 6, Windows 11 Pro & Microsoft Office Lifetime License","₹92,990",4.6,949
"ASUS TUF Gaming F15, 15.6"" FHD 16:9, 144Hz 250nits, Intel Core i7-13620H 13th Gen, Gaming Laptop (16GB RAM/512GB SSD/RTX 4050/Windows 11/Office Home/90WHr Battery/Mecha Gray/2.2 Kg), FX507VU-LP210WS","₹99,990",4.5,3
"ASUS VivoBook 15 (2022), Intel®Core i3-1215U 12th Gen, 15.6"" (39.62 cm) FHD, Thin and Light Laptop (8GB/512 SSD//Windows 11/Office 2021//Backlit KB/Icelight Silver/1.7 kg), X1502ZA-EJ322WS","₹31,990",4.0,131
"HP Laptop 245 G9 (2024), AMD Ryzen 3 3250U Dual Core - (16GB/512GB SSD/AMD Radeon Graphics/Windows 11 Pro) Thin and Light Business Laptop/14 (35.56cm)/Silver/1.47 kg/MS Office 2021","₹28,030",3.0,3
"Lenovo V15 Thin & Light Laptop, 15.6"" FHD Display, Intel Core i5 12th Gen (1235U), 16GB DDR4 RAM, 512GB SSD, Webcam, HDMI, Wi-Fi-6, Windows 11, Intel Iris Xe Graphics, Black,1 Year Brand Warranty","₹42,990",3.7,7
"ASUS Vivobook 15, Intel Core i5-12500H 12th Gen,Thin and Light Laptop,15.6"" (39.62 cm) FHD, (8GB RAM/512GB/Windows11/Office 2021/Blue/1.7 kg), X1502ZA-EJ523WS","₹46,990",4.1,161
"Lenovo IdeaPad Slim 5 12th Gen Intel Core i5 12450H 14"" (35.5cm) WUXGA+ IPS Laptop (16GB/512GB SSD/Win 11/Office 2021/Backlit KB/FHD Camera/Alexa/3 Month Game Pass/Cloud Grey/1.46Kg), 83BF000UIN","₹60,190",3.9,771
"ASUS TUF Gaming A15, 15.6"" (39.62cm) FHD 16:9 144Hz, AMD Ryzen 7 7435HS, Gaming Laptop (16 DDR5/512GB SSD/NVIDIA GeForce RTX 2050/Windows 11 Home/Graphite Black/2.30 Kg), FA506NFR-HN045W","₹58,990",4.0,432
"HP 15s, 12th Gen Intel Core i5-1235U, 8GB DDR4, 512GB SSD, (Win 11, Office 21, Silver, 1.69kg), FY5008TU Anti-Glare, 15.6-inch(39.6cm), FHD Laptop, Intel UHD Graphics, Backlit KB, HD Camera, fq5329tu","₹45,990",4.1,220
"MSI Modern 14, Intel 12th Gen. i7 1255U,36CM Laptop(16GB/512GB NVMe SSD/Windows 11 Home/Iris Xe/Classic Black/1.4Kg), C12MO-1202IN","₹45,990",4.0,12
"Lenovo IdeaPad Pro 5 Intel Evo Core Ultra 9 185H Built-in AI 14"" (35.5cm) 2.8K-OLED 400Nits 120Hz Laptop (32GB/1TB SSD/Intel Arc GPU/Win11/MSO 21/FHD+IR Cam/1Yr ADP Free/Grey/1.4Kg), 83D2001GIN","₹1,10,990",4.2,92
"Lenovo IdeaPad 3 12th Gen Intel Core i3-1215U 14 Inch (35.5cm) FHD Thin & Light Laptop (8GB/512GB SSD/Win 11/Office 2021/1 Year Warranty/3months Game Pass/Arctic Grey/1.43Kg), 82RJ00FUIN","₹33,990",4.0,468
"HP OMEN Gaming Laptop, AMD Ryzen 9 7940HS AI-Powered, 8GB RTX 4070 GPU, 16.1-inch (40.9 cm), FHD, IPS, 165Hz, 300 nits, 16GB DDR5, 1TB SSD, RGB Backlit KB, B&O (Black, 2.38 kg), xf0100AX","₹1,39,990",2.9,11
"Lenovo V15 G4 AMD Athlon Silver 7120U Laptop 8GB LPDDR5 Ram, 512 GB SSD PCIe, Windows 11 Lifetime Validity,15.6"" FHD Screen, AMD Radeon 610M, Silver, 1 Year Brand Warranty","₹24,990",3.9,124
"Lenovo V14 G3 (2024), Intel Core i5 12th Gen 1235U - (8GB/512GB SSD/Intel UHD Graphics/Windows 11 Home) Thin and Light Business Laptop/14.0"" FHD Display/Iron Grey/1.57 kg/MS Office","₹35,218",5.0,4
"Lenovo IdeaPad 3 12th Gen Intel Core i3-1215U 15 Inch (39.65cm) FHD Thin & Light Laptop (16GB/512GB SSD/Windows 11/Office 2021/1Yr ADP Free/3months Game Pass/Arctic Grey/1.63Kg), 82RK017RIN","₹37,500",4.1,"1,027"
"HONOR MagicBook X16 (2024), 12th Gen Intel Core i5-12450H, 16-inch (40.64 cm) FHD IPS Anti-Glare Thin and Light Laptop (16GB/512GB PCIe SSD/Windows 11/ Full-Size Numeric Keyboard /1.68Kg), Gray","₹39,990",3.9,232
"Lenovo LOQ Intel Core i5-13450HX 15.6"" (39.6cm) 144Hz 300Nits FHD Gaming Laptop (16GB/512GB SSD/Win 11/NVIDIA RTX 3050 6GB Graphics/100% sRGB/Office 21/3 Month Game Pass/Grey/2.4Kg), 83DV00BHIN","₹72,990",4.2,237
"Lenovo ThinkPad E14 Intel Core i5 13th Gen 14"" WUXGA IPS 300 Nits Thin and Light Laptop (16GB RAM/1TB SSD/Windows 11 Home/Backlit Keyboard/FPR/Black/1Y Onsite/1.41 kg), 21JKS0X900","₹74,990",3.4,5
Microsoft New Surface Laptop (7th Edition) - Windows 11 Home Copilot + PC - 13.8” LCD PixelSense Touchscreen - Qualcomm Snapdragon X Plus (10 Core) - 16GB RAM - 256GB SSD - Platinum - ZGJ-00023,"₹1,10,856",3.7,3
DELL Latitude 3440 Intel Core i3 12th Gen 1215U - (8GB/512 GB SSD/Intel UHD Graphics) Thin and Light Business Laptop/14 HD Display/Grey/1.5 kg,"₹29,700",3.1,5
"(Refurbished) Lenovo ThinkPad T480 8th Gen Intel Core i5 Thin & Light FHD Touchscreen Laptop (8 GB DDR4 RAM/512 GB SSD/14"" (35.6 cm) FHD/Windows 11/MS Office/WiFi/Webcam/Intel HD Graphics)","₹20,940",5.0,7
"HP 15, 13th Gen Intel Core i3-1315U, 8GB DDR4, 512GB SSD, (Win 11, Office 21, Silver, 1.59kg), Anti-Glare, Micro-Edge, 15.6-inch(39.6cm), FHD Laptop, Intel UHD Graphics, 1080p FHD Camera, fd0186TU","₹40,522",3.3,83
"ASUS TUF Gaming, Gaming Laptop, 14"" FHD, 165Hz 400 nits, AMD Ryzen AI 9 HX 370 Processor 2.0GHz (32GB RAM/2TB SSD/NVIDIA GeForce RTX 4060/Windows 11/Office 2021//Jaeger Gray/1.46 Kg), FA401WV-RG037WS","₹1,64,990",4.3,5
"ASUS TUF Gaming A15, 15.6"" FHD 16:9 144Hz 250nits, AMD Ryzen 5 7535HS Processor, Gaming Laptop (16GB RAM/512GB SSD/NVIDIA GeForce RTX 3050/Windows 11/Office 2021/Graphite Black/2.3 Kg),FA566NC-HN083WS","₹58,680",4.0,432
"(Refurbished) Dell Latitude 5410 Intel Core i7 10th Gen 14"" (35.6 cm) FHD Touchscreen Laptop (16 GB DDR4 RAM/256 GB SSD/Intel UHD Graphics)/Wi-Fi/Windows 11/Thin & Light Laptop/MS Office","₹28,999",4.7,10
(Refurbished) Lenovo ThinkPad 7th Gen Intel Core i5 Thin & Light HD Laptop (8 GB DDR4 RAM/256 GB SSD/14 (35.6 cm) HD/Windows 11/WiFi/Bluetooth/Webcam/Intel Graphics),₹N/A,4.3,2
"Dell Vostro 15 3520 Laptop - 15.6 inch (39.62cm) FHD Display, Intel Core i5-1235U, 8 GB RAM, 512 GB SSD, Titan Grey, 1.69Kg, Ideal for Business Users, Perfect for Productivity and Collaboration","₹46,490",3.6,358
"Lenovo V15 12th Gen Intel Core i7-1255U 15.6"" FHD Thin and Light Laptop (16GB RAM/512GB SSD/Windows 11 Home/MS Office Home & Student 2021/Iron Grey/1.70 kg), 82TTA073IN","₹51,990",3.5,10
"Acer Aspire Lite 11th Gen Intel Core i3 Premium Metal Laptop (8GB RAM/512GB SSD/Windows 11 Home) AL15-51, 39.62cm (15.6"") Full HD Display, Metal Body, Steel Gray, 1.59 Kg","₹29,990",4.0,771
"MSI CreatorPro M16, Intel 13th Gen. i7-13700H, 41CM QHD+ 60Hz Creator Laptop (16GB/1TB NVMe SSD/Windows 11 Pro/NVIDIA RTX A1000, GDDR6 6GB/Core Black/2.29Kg), B13VI-1273IN","₹1,60,820",5.0,1
"Acer One 14 Business Laptop AMD Ryzen 3 3250U Processor (8GB RAM/256GB SSD/AMD Radeon Graphics/Windows 11 Home) Z2-493 with 35.56 cm (14.0"") HD Display","₹23,391",3.7,273
"Samsung Galaxy Book3 Pro Intel 13th Gen i5 EvoTM 35.56cm(14"") Dynamic Amoled 2X, 3K Display, 120Hz, Ultra Thin & Light Laptop(16 GB/512 GB SSD/Windows 11/MS Office/Graphite/1.17Kg), NP940XFG-KC1IN","₹97,150",3.7,15
"Dell Gaming G15-5530 Laptop, Intel 13th Gen i9-13900HX Processor, 16GB DDR5 + 1TB SSD, NVIDIA RTX 4060 8 GB GDDR6, 15.6"" (39.62cm) FHD 165Hz 100% sRGB, 4-Zone RGB Backlit KB, Dark Shadow Gray, 2.65 Kg","₹1,41,390",N/A,N/A
"Lenovo V14 G4 (2024), AMD Ryzen 3 7320U Quad Core - (8GB/512GB SSD/AMD Radeon Graphics 610M/Windows 11) Thin and Light Business Laptop/14 FHD Display/Silver/1.47 kg/MS Office 2021","₹25,875",3.6,8
"Lenovo IdeaPad Slim 3 13th Gen Core i3-1305U (8GB RAM/512GB SSD/Integrated Intel UHD Graphics/14 inch (35.5cm)/Windows 11/ MS Office 2021/Grey/1.3Kg), 82X6004GIN Thin & Light Laptop","₹37,190",4.1,"1,027"
"(Refurbished) Lenovo E41 Intel Core i5 6th Gen 14""(35.6 cm) HD Laptop (8 GB RAM|256 GB SSD|Intel HD Graphics) |Wi-Fi|Windows 10 Pro|Thin & Light Laptop|MS Office","₹13,999",1.0,1
"ASUS Vivobook S 15 OLED (2023), Intel Core EVO i5-13500H 13th Gen, 15.6"" (39.62 cm) 2.8K 120Hz OLED, Thin & Light Laptop (16GB/512GB SSD/Iris Xe/Win 11/Office 2021/75WHr/Blue/1.7 kg) S5504VA-MA541WS","₹74,990",3.4,39
"Dell Inspiron 3530 Thin & Light Laptop, 13th Gen Intel Core i3-1305U/8GB/512GB SSD/15.6"" (39.62cm) 120Hz Refresh Rate on a FHD IPS Display/Windows 11 + MSO'21+McAfee 15 Month/Carbon Black/1.62kg","₹38,490",3.8,83
